backend,build_docs_per_s,build_s,client_cpu_usec,client_end_anon_mib,client_end_file_mib,client_peak_anon_mib,client_peak_mib,connect_s,cpu_usec_sum,cpuset,dims,end_anon_mib_sum,engine_version,error,friend_age_by_city_mean_ms,friend_age_by_city_min_ms,friend_age_by_city_rows,heap,hop1_p50_ms,hop1_p95_ms,hop1_p99_ms,hop2_p50_ms,hop2_p95_ms,hop2_p99_ms,ingest_rows_per_s,ingest_s,insert_mean_ms,insert_n,insert_p50_ms,insert_p95_ms,insert_p99_ms,k,lane,manifest,mem_cap,mem_split,n_docs,n_persons,n_queries,n_rows,olap_agg_by_region_ms,olap_filtered_avg_ms,olap_range_agg_ms,olap_status_histogram_ms,olap_top_customers_ms,olap_total_ms,oltp_ops_per_s,oltp_total_s,peak_anon_mib_sum,peak_mib_sum,point_p50_ms,point_p95_ms,point_p99_ms,qps,query_mean_ms,query_n,query_p50_ms,query_p95_ms,query_p99_ms,rc,read_mean_ms,read_n,read_p50_ms,read_p95_ms,read_p99_ms,recall_at_10,rep,run_id,same_city_edges_mean_ms,same_city_edges_min_ms,same_city_edges_rows,scale,schema_s,server_cpu_usec,server_end_anon_mib,server_end_file_mib,server_peak_anon_mib,server_peak_mib,tier,top_degree_mean_ms,top_degree_min_ms,top_degree_rows,topology,ts_utc,update_mean_ms,update_n,update_p50_ms,update_p95_ms,update_p99_ms,workload,write_p50_ms,write_p95_ms
neo4j_graph,,488.91,166355323,172.7,1.0,173.7,178.6,0.745,868797625,0-11,,17844.0,neo4j-driver:6.2.0,,22772.88,21980.12,10,16g,,,,,,,,,,,,,,,l2,20260711T035309Z,32g,0.75,,1000000,,,,,,,,,,,17845.1,19967.3,,,,,,,,,,0,,,,,,,3,l2_neo4j_graph_olap_r3,21811.19,21686.48,10,medium,,702442302,17671.3,2014.9,17671.5,19788.8,paper,13857.88,13625.38,10,client_server,2026-07-11T03:53:11.011905+00:00,,,,,,olap,,
milvus_sparse,22611.5,442.25,408252160,71.0,0.7,71.0,78.5,2.152,1370960814,0-11,30000,5865.5,milvus,,,,,16g,,,,,,,,,,,,,,10,l3s,20260711T035309Z,32g,0.75,10000000,,100,,,,,,,,,,8871.1,17627.1,,,,142.5,7.016,95,6.869,9.609,11.296,0,,,,,,1.0,5,l3s_milvus_sparse_search_r5,,,,medium,,962708654,5794.4,7664.5,8800.1,17548.6,paper,,,,client_server,2026-07-11T04:07:22.483006+00:00,,,,,,search,,
elasticsearch_sparse,6274.0,1593.87,380777076,47.9,1.8,47.9,54.5,0.813,1594188710,0-11,30000,2764.3,9.4.1,,,,,16g,,,,,,,,,,,,,,10,l3s,20260711T035309Z,32g,0.75,10000000,,100,,,,,,,,,,3403.5,7973.5,,,,103.5,9.657,95,9.123,14.386,21.572,0,,,,,,0.91,5,l3s_elasticsearch_sparse_search_r5,,,,medium,,1213411634,2716.4,2462.5,3355.6,7919.0,paper,,,,client_server,2026-07-11T04:14:52.758355+00:00,,,,,,search,,
arcadedb_graph_embedded,,619.05,989331281,3632.7,1576.4,15741.1,17399.7,0.56,989331281,0-11,,3632.7,26.8.1.dev0,,11310.07,11234.93,10,16g,,,,,,,,,,,,,,,l2,20260711T035309Z,32g,,,1000000,,,,,,,,,,,15741.1,17399.7,,,,,,,,,,0,,,,,,,5,l2_arcadedb_graph_embedded_olap_r5,10829.26,10752.31,10,medium,,,,,,,paper,986.04,945.82,10,embedded,2026-07-11T04:41:46.587727+00:00,,,,,,olap,,
neo4j_graph,,488.98,165567220,84.7,1.0,173.6,178.7,0.73,869507294,0-11,,17754.1,neo4j-driver:6.2.0,,22256.88,22197.69,10,16g,,,,,,,,,,,,,,,l2,20260711T035309Z,32g,0.75,,1000000,,,,,,,,,,,17843.2,20130.3,,,,,,,,,,0,,,,,,,1,l2_neo4j_graph_olap_r1,21799.29,21706.77,10,medium,,703940074,17669.4,2179.4,17669.6,19951.6,paper,13725.62,13646.93,10,client_server,2026-07-11T04:54:26.688121+00:00,,,,,,olap,,
arcadedb_server,,,82150774,17.4,0.1,17.6,21.1,0.051,941119444,0-11,,12993.6,server:latest,"Traceback (most recent call last):
  File ""/work/l1_tabular.py"", line 411, in <module>
    main()
  File ""/work/l1_tabular.py"", line 398, in main
    out.update(b.olap())
               ^^^^^^^^
  File ""/work/l1_tabular.py"", line 163, in olap
    self.query_all(sql)
  File ""/work/l1_tabular.py"", line 332, in query_all
    return self._post(""query"", sql, params)
           ^^^^^^^^^^^^^^^^^^^^^^^^^^^^^^^^
  File ""/work/l1_tabular.py"", line 319, in _post
    r.raise_for_status()
  File ""/usr/local/lib/python3.12/site-packages/requests/models.py"", line 1167, in raise_for_status
    raise HTTPError(http_error_msg, response=self)
requests.exceptions.HTTPError: 500 Server Error: Internal Server Error for url: http://srv-l1_arcadedb_server_olap_r2:2480/api/v1/query/bench
",,,,16g,,,,,,,37901.7,52.77,,,,,,,l1,20260711T035309Z,32g,0.75,,,,2000000,1836.291,1311.212,1297.849,1434.684,1625.421,7505.457,,,12997.6,15378.1,,,,,,,,,,1,,,,,,,2,l1_arcadedb_server_olap_r2,,,,medium,0.194,858968670,12976.2,2276.5,12980.0,15357.0,paper,,,,client_server,2026-07-11T05:08:37.799916+00:00,,,,,,olap,,
neo4j_graph,,488.14,165993035,173.1,1.0,173.1,178.8,0.714,506968437,0-11,,17899.5,neo4j-driver:6.2.0,,,,,16g,4.506,6.173,14.896,4.681,6.617,7.801,,,,,,,,,l2,20260711T035309Z,32g,0.75,,1000000,,,,,,,,,,4.13,17899.5,19970.8,5.124,8.199,9.069,,,,,,,0,,,,,,,4,l2_neo4j_graph_oltp_r4,,,,medium,,340975402,17726.4,1902.3,17726.4,19792.1,paper,,,,client_server,2026-07-11T05:23:28.570774+00:00,,,,,,oltp,7.43,13.108
ladybug_graph,,21.1,59900602,2064.3,417.3,2356.2,3344.5,0.127,59900602,0-11,,2064.3,ladybug:0.18.1,,,,,16g,1.366,1.801,1.955,5.371,6.883,7.39,,,,,,,,,l2,20260711T035309Z,32g,,,1000000,,,,,,,,,,2.39,2356.2,3344.5,0.18,0.271,0.354,,,,,,,0,,,,,,,5,l2_ladybug_graph_oltp_r5,,,,medium,,,,,,,paper,,,,embedded,2026-07-11T05:31:52.773971+00:00,,,,,,oltp,9.76,12.899
ladybug_graph,,21.06,74334246,2318.3,385.0,2377.1,3353.1,0.126,74334246,0-11,,2318.3,ladybug:0.18.1,,272.46,270.85,10,16g,,,,,,,,,,,,,,,l2,20260711T035309Z,32g,,,1000000,,,,,,,,,,,2377.1,3353.1,,,,,,,,,,0,,,,,,,2,l2_ladybug_graph_olap_r2,283.14,280.21,10,medium,,,,,,,paper,43.14,40.97,10,embedded,2026-07-11T05:32:17.359276+00:00,,,,,,olap,,
neo4j_graph,,487.92,167315679,173.5,1.0,173.5,179.5,0.721,508580196,0-11,,17859.6,neo4j-driver:6.2.0,,,,,16g,4.728,6.232,14.427,4.673,6.582,7.591,,,,,,,,,l2,20260711T035309Z,32g,0.75,,1000000,,,,,,,,,,4.19,17860.2,19930.7,4.998,8.172,9.472,,,,,,,0,,,,,,,2,l2_neo4j_graph_oltp_r2,,,,medium,,341264517,17686.1,1902.2,17686.7,19751.2,paper,,,,client_server,2026-07-11T05:32:42.961521+00:00,,,,,,oltp,7.683,12.775
postgres,,,56219361,22.1,0.8,96.2,103.5,0.115,115023004,0-11,,26.8,17.10 (Debian 17.10-1.pgdg13+1),,,,,16g,,,,,,,328503.9,60.88,2.4299,1006,2.446,2.8117,2.9867,,l1,20260711T035309Z,32g,0.75,,,,20000000,,,,,,,531.4,,110.8,3942.2,,,,,,,,,,0,1.1151,3068,1.0079,1.659,1.7676,,1,l1_postgres_oltp_r1,,,,medium,0.018,58803643,4.6,3713.3,14.6,3838.8,paper,,,,client_server,2026-07-11T05:41:07.160516+00:00,3.8273,926,3.7875,4.5222,4.7277,oltp,,
ladybug_graph,,20.89,59722035,2294.4,404.1,2294.4,3150.0,0.125,59722035,0-11,,2294.4,ladybug:0.18.1,,,,,16g,1.372,1.855,2.28,5.487,7.252,7.822,,,,,,,,,l2,20260711T035309Z,32g,,,1000000,,,,,,,,,,2.42,2294.4,3150.0,0.165,0.272,0.464,,,,,,,0,,,,,,,3,l2_ladybug_graph_oltp_r3,,,,medium,,,,,,,paper,,,,embedded,2026-07-11T05:42:21.475177+00:00,,,,,,oltp,9.613,11.792
arcadedb_embedded,,,832170345,6465.4,2302.3,13118.9,15518.9,0.363,832170345,0-11,,6465.4,26.8.1.dev0,"r.py"", line 411, in <module>
    main()
  File ""/work/l1_tabular.py"", line 398, in main
    out.update(b.olap())
               ^^^^^^^^
  File ""/work/l1_tabular.py"", line 163, in olap
    self.query_all(sql)
  File ""/work/l1_tabular.py"", line 280, in query_all
    return self.db.query(""sql"", sql, *(params or ())).to_json_list()
           ^^^^^^^^^^^^^^^^^^^^^^^^^^^^^^^^^^^^^^^^^^
  File ""/usr/local/lib/python3.12/site-packages/arcadedb_embedded/core.py"", line 112, in query
    raise ArcadeDBError(f""Query failed: {e}"") from e
arcadedb_embedded.exceptions.ArcadeDBError: Query failed: com.arcadedb.exception.CommandExecutionException: Limit of allowed groups for in-heap GROUP BY in a single query exceeded (500000). You can set arcadedb.queryMaxHeapElementsAllowedPerOp to increase this limit
",,,,16g,,,,,,,43311.9,46.18,,,,,,,l1,20260711T035309Z,32g,,,,,2000000,1673.457,1214.503,1218.351,1304.312,1461.284,6871.907,,,13118.9,15518.9,,,,,,,,,,1,,,,,,,5,l1_arcadedb_embedded_olap_r5,,,,medium,0.17,,,,,,paper,,,,embedded,2026-07-11T05:42:45.848482+00:00,,,,,,olap,,
arcadedb_sparse_embedded_nocompact,18012.9,555.16,826608682,537.5,3873.2,16902.3,21346.1,0.513,826608682,0-11,30000,537.5,26.8.1.dev0,,,,,16g,,,,,,,,,,,,,,10,l3s,20260711T035309Z,32g,,10000000,,100,,,,,,,,,,16902.3,21346.1,,,,12.7,79.047,95,77.824,96.166,104.61,0,,,,,,0.993,2,l3s_arcadedb_sparse_embedded_nocompact_search_r2,,,,medium,,,,,,,paper,,,,embedded,2026-07-11T05:55:51.692213+00:00,,,,,,search,,
arcadedb_graph_embedded,,621.74,984549510,1463.0,1576.4,15906.2,17616.1,0.556,984549510,0-11,,1463.0,26.8.1.dev0,,11261.25,10983.46,10,16g,,,,,,,,,,,,,,,l2,20260711T035309Z,32g,,,1000000,,,,,,,,,,,15906.2,17616.1,,,,,,,,,,0,,,,,,,2,l2_arcadedb_graph_embedded_olap_r2,10624.03,10559.86,10,medium,,,,,,,paper,957.9,952.06,10,embedded,2026-07-11T06:08:54.957605+00:00,,,,,,olap,,
arcadedb_sparse_embedded_fp32,17332.9,576.94,854899776,2956.8,4728.4,16907.3,23923.1,0.497,854899776,0-11,30000,2956.8,26.8.1.dev0,,,,,16g,,,,,,,,,,,,,,10,l3s,20260711T035309Z,32g,,10000000,,100,,,,,,,,,,16907.3,23923.1,,,,17.8,56.23,95,55.33,67.827,71.688,0,,,,,,1.0,4,l3s_arcadedb_sparse_embedded_fp32_search_r4,,,,medium,,,,,,,paper,,,,embedded,2026-07-11T06:21:36.343479+00:00,,,,,,search,,
arcadedb_sparse_embedded_fp32,17361.3,575.99,851029574,6431.0,4728.4,16912.4,23876.3,0.51,851029574,0-11,30000,6431.0,26.8.1.dev0,,,,,16g,,,,,,,,,,,,,,10,l3s,20260711T035309Z,32g,,10000000,,100,,,,,,,,,,16912.4,23876.3,,,,17.7,56.519,95,55.607,68.234,76.853,0,,,,,,1.0,1,l3s_arcadedb_sparse_embedded_fp32_search_r1,,,,medium,,,,,,,paper,,,,embedded,2026-07-11T06:35:05.181055+00:00,,,,,,search,,
arcadedb_sparse_embedded_fp32,17349.1,576.4,850486528,3050.9,4728.4,16918.6,23927.5,0.513,850486528,0-11,30000,3050.9,26.8.1.dev0,,,,,16g,,,,,,,,,,,,,,10,l3s,20260711T035309Z,32g,,10000000,,100,,,,,,,,,,16918.6,23927.5,,,,17.2,58.182,95,57.172,70.334,73.781,0,,,,,,1.0,5,l3s_arcadedb_sparse_embedded_fp32_search_r5,,,,medium,,,,,,,paper,,,,embedded,2026-07-11T06:48:28.780357+00:00,,,,,,search,,
duckdb,,,87987589,300.6,651.2,2078.5,2768.7,0.051,87987589,0-11,,300.6,1.5.4,,,,,16g,,,,,,,330265.1,60.56,,,,,,,l1,20260711T035309Z,32g,,,,,20000000,14.299,15.696,10.542,8.716,62.331,111.584,,,2078.5,2768.7,,,,,,,,,,0,,,,,,,2,l1_duckdb_olap_r2,,,,medium,0.023,,,,,,paper,,,,embedded,2026-07-11T07:01:49.887240+00:00,,,,,,olap,,
postgres,,,51822908,122.0,0.8,122.0,129.3,0.114,179035295,0-11,,127.6,17.10 (Debian 17.10-1.pgdg13+1),,,,,16g,,,,,,,339304.9,58.94,,,,,,,l1,20260711T035309Z,32g,0.75,,,,20000000,700.602,421.19,403.161,684.473,1009.182,3218.608,,,172.3,4106.2,,,,,,,,,,0,,,,,,,3,l1_postgres_olap_r3,,,,medium,0.018,127212387,5.7,3710.9,50.3,3976.9,paper,,,,client_server,2026-07-11T07:02:52.323255+00:00,,,,,,olap,,
arcadedb_embedded,,,702842840,8941.7,2268.8,12912.5,15771.7,0.388,702842840,0-11,,8941.7,26.8.1.dev0,,,,,16g,,,,,,,30539.3,654.89,0.3865,1006,0.3759,0.4861,0.5466,,l1,20260711T035309Z,32g,,,,,20000000,,,,,,,6031.0,,12912.5,15771.7,,,,,,,,,,0,0.081,3068,0.0741,0.1463,0.1895,,2,l1_arcadedb_embedded_oltp_r2,,,,medium,0.174,,,,,,paper,,,,embedded,2026-07-11T07:04:21.425856+00:00,0.207,926,0.1947,0.3637,0.4363,oltp,,
postgres,,,55952999,88.0,0.8,88.0,95.2,0.117,115130495,0-11,,92.6,17.10 (Debian 17.10-1.pgdg13+1),,,,,16g,,,,,,,333645.0,59.94,2.4745,1006,2.5099,2.7972,2.8946,,l1,20260711T035309Z,32g,0.75,,,,20000000,,,,,,,517.3,,102.6,3933.8,,,,,,,,,,0,1.1694,3068,1.028,1.6708,1.7976,,3,l1_postgres_oltp_r3,,,,medium,0.018,59177496,4.6,3712.5,14.6,3838.6,paper,,,,client_server,2026-07-11T07:15:19.087884+00:00,3.8747,926,3.8255,4.5245,4.8023,oltp,,
duckdb,,,96686526,336.3,814.9,2080.6,2763.4,0.051,96686526,0-11,,336.3,1.5.4,,,,,16g,,,,,,,329174.5,60.76,8.6549,1006,8.6486,9.6206,9.9647,,l1,20260711T035309Z,32g,,,,,20000000,,,,,,,267.8,,2080.6,2763.4,,,,,,,,,,0,1.1676,3068,1.0946,1.931,2.7144,,2,l1_duckdb_oltp_r2,,,,medium,0.023,,,,,,paper,,,,embedded,2026-07-11T07:16:32.679521+00:00,6.8921,926,8.153,9.3315,11.26,oltp,,
arcadedb_embedded,,,821888233,7320.2,2268.7,13104.3,15469.6,0.363,821888233,0-11,,7320.2,26.8.1.dev0,"r.py"", line 411, in <module>
    main()
  File ""/work/l1_tabular.py"", line 398, in main
    out.update(b.olap())
               ^^^^^^^^
  File ""/work/l1_tabular.py"", line 163, in olap
    self.query_all(sql)
  File ""/work/l1_tabular.py"", line 280, in query_all
    return self.db.query(""sql"", sql, *(params or ())).to_json_list()
           ^^^^^^^^^^^^^^^^^^^^^^^^^^^^^^^^^^^^^^^^^^
  File ""/usr/local/lib/python3.12/site-packages/arcadedb_embedded/core.py"", line 112, in query
    raise ArcadeDBError(f""Query failed: {e}"") from e
arcadedb_embedded.exceptions.ArcadeDBError: Query failed: com.arcadedb.exception.CommandExecutionException: Limit of allowed groups for in-heap GROUP BY in a single query exceeded (500000). You can set arcadedb.queryMaxHeapElementsAllowedPerOp to increase this limit
",,,,16g,,,,,,,43057.3,46.45,,,,,,,l1,20260711T035309Z,32g,,,,,2000000,1683.515,1170.164,1199.327,1296.177,1451.329,6800.512,,,13104.3,15469.6,,,,,,,,,,1,,,,,,,3,l1_arcadedb_embedded_olap_r3,,,,medium,0.161,,,,,,paper,,,,embedded,2026-07-11T07:17:54.139151+00:00,,,,,,olap,,
postgres,,,53984124,109.2,0.8,109.2,116.2,0.116,112118618,0-11,,113.8,17.10 (Debian 17.10-1.pgdg13+1),,,,,16g,,,,,,,336735.3,59.39,2.4492,1006,2.4781,2.799,2.9344,,l1,20260711T035309Z,32g,0.75,,,,20000000,,,,,,,529.1,,123.8,3953.4,,,,,,,,,,0,1.1216,3068,1.0073,1.6679,1.7153,,5,l1_postgres_oltp_r5,,,,medium,0.017,58134494,4.6,3712.2,14.6,3837.2,paper,,,,client_server,2026-07-11T07:30:50.991294+00:00,3.8279,926,3.7925,4.5162,4.6551,oltp,,
arcadedb_graph_server,,1120.55,28087303,19.7,0.2,19.8,22.9,0.245,1538241839,0-11,,15577.4,server:latest,,11463.05,10898.76,10,16g,,,,,,,,,,,,,,,l2,20260711T035309Z,32g,0.75,,1000000,,,,,,,,,,,15606.9,17294.5,,,,,,,,,,0,,,,,,,5,l2_arcadedb_graph_server_olap_r5,10380.68,9754.88,10,medium,,1510154536,15557.7,1597.8,15587.1,17271.6,paper,1089.17,1028.24,10,client_server,2026-07-11T07:32:03.806006+00:00,,,,,,olap,,
arcadedb_sparse_embedded,17342.6,576.62,857179713,68.8,3857.6,16918.0,22146.0,0.51,857179713,0-11,30000,68.8,26.8.1.dev0,,,,,16g,,,,,,,,,,,,,,10,l3s,20260711T035309Z,32g,,10000000,,100,,,,,,,,,,16918.0,22146.0,,,,18.2,54.934,95,54.009,66.8,69.923,0,,,,,,0.993,1,l3s_arcadedb_sparse_embedded_search_r1,,,,medium,,,,,,,paper,,,,embedded,2026-07-11T07:53:04.905197+00:00,,,,,,search,,
arcadedb_embedded,,,834113069,264.6,2285.5,12929.0,15310.5,0.386,834113069,0-11,,264.6,26.8.1.dev0,"r.py"", line 411, in <module>
    main()
  File ""/work/l1_tabular.py"", line 398, in main
    out.update(b.olap())
               ^^^^^^^^
  File ""/work/l1_tabular.py"", line 163, in olap
    self.query_all(sql)
  File ""/work/l1_tabular.py"", line 280, in query_all
    return self.db.query(""sql"", sql, *(params or ())).to_json_list()
           ^^^^^^^^^^^^^^^^^^^^^^^^^^^^^^^^^^^^^^^^^^
  File ""/usr/local/lib/python3.12/site-packages/arcadedb_embedded/core.py"", line 112, in query
    raise ArcadeDBError(f""Query failed: {e}"") from e
arcadedb_embedded.exceptions.ArcadeDBError: Query failed: com.arcadedb.exception.CommandExecutionException: Limit of allowed groups for in-heap GROUP BY in a single query exceeded (500000). You can set arcadedb.queryMaxHeapElementsAllowedPerOp to increase this limit
",,,,16g,,,,,,,44483.4,44.96,,,,,,,l1,20260711T035309Z,32g,,,,,2000000,1687.224,1176.465,1207.406,1301.542,1454.006,6826.643,,,12929.0,15310.5,,,,,,,,,,1,,,,,,,4,l1_arcadedb_embedded_olap_r4,,,,medium,0.16,,,,,,paper,,,,embedded,2026-07-11T08:06:40.741062+00:00,,,,,,olap,,
arcadedb_graph_server,,1101.26,28229014,19.7,0.8,20.2,23.9,0.249,1369429277,0-11,,14025.7,server:latest,,,,,16g,1.395,1.853,1.912,1.816,2.776,3.521,,,,,,,,,l2,20260711T035309Z,32g,0.75,,1000000,,,,,,,,,,1.25,14034.6,15884.4,1.102,1.613,1.973,,,,,,,0,,,,,,,3,l2_arcadedb_graph_server_oltp_r3,,,,medium,,1341200263,14006.1,1599.8,14014.4,15860.6,paper,,,,client_server,2026-07-11T08:19:49.848358+00:00,,,,,,oltp,1.49,2.105
neo4j_graph,,490.14,167695003,172.5,1.1,173.5,178.9,0.759,874228042,0-11,,17874.7,neo4j-driver:6.2.0,,22607.35,22161.39,10,16g,,,,,,,,,,,,,,,l2,20260711T035309Z,32g,0.75,,1000000,,,,,,,,,,,17875.8,19990.5,,,,,,,,,,0,,,,,,,4,l2_neo4j_graph_olap_r4,22405.06,21693.41,10,medium,,706533039,17702.1,2007.0,17702.3,19811.6,paper,13720.22,13619.18,10,client_server,2026-07-11T08:38:15.579610+00:00,,,,,,olap,,
arcadedb_graph_server,,1103.25,28206969,19.7,0.1,20.2,23.1,0.237,1370454541,0-11,,14091.0,server:latest,,,,,16g,1.383,1.937,2.213,1.758,2.76,3.394,,,,,,,,,l2,20260711T035309Z,32g,0.75,,1000000,,,,,,,,,,1.24,14091.6,15868.2,1.177,1.451,1.774,,,,,,,0,,,,,,,2,l2_arcadedb_graph_server_oltp_r2,,,,medium,,1342247572,14071.3,1599.8,14071.3,15845.1,paper,,,,client_server,2026-07-11T08:52:30.213304+00:00,,,,,,oltp,1.456,1.892
arcadedb_sparse_embedded_nocompact,17806.3,561.6,830521189,2378.5,3873.2,16889.1,21311.1,0.507,830521189,0-11,30000,2378.5,26.8.1.dev0,,,,,16g,,,,,,,,,,,,,,10,l3s,20260711T035309Z,32g,,10000000,,100,,,,,,,,,,16889.1,21311.1,,,,12.4,80.923,95,79.214,98.379,105.761,0,,,,,,0.993,4,l3s_arcadedb_sparse_embedded_nocompact_search_r4,,,,medium,,,,,,,paper,,,,embedded,2026-07-11T09:10:57.788559+00:00,,,,,,search,,
postgres,,,56694797,22.0,0.8,83.8,91.0,0.127,186178582,0-11,,27.7,17.10 (Debian 17.10-1.pgdg13+1),,,,,16g,,,,,,,326871.5,61.19,,,,,,,l1,20260711T035309Z,32g,0.75,,,,20000000,716.608,422.126,403.744,683.889,1010.864,3237.231,,,133.9,4067.6,,,,,,,,,,0,,,,,,,4,l1_postgres_olap_r4,,,,medium,0.008,129483785,5.7,3711.0,50.2,3976.6,paper,,,,client_server,2026-07-11T09:24:07.848905+00:00,,,,,,olap,,
arcadedb_graph_server,,1094.4,28205313,19.7,0.1,19.9,22.8,0.24,1359887100,0-11,,14298.0,server:latest,,,,,16g,1.208,1.601,1.931,1.756,2.581,3.549,,,,,,,,,l2,20260711T035309Z,32g,0.75,,1000000,,,,,,,,,,1.21,14308.5,16135.7,1.139,1.665,1.839,,,,,,,0,,,,,,,1,l2_arcadedb_graph_server_oltp_r1,,,,medium,,1331681787,14278.3,1599.8,14288.5,16112.9,paper,,,,client_server,2026-07-11T09:25:38.932864+00:00,,,,,,oltp,1.611,2.035
arcadedb_graph_embedded,,603.24,819532264,1322.8,1576.0,14871.3,16933.3,0.559,819532264,0-11,,1322.8,26.8.1.dev0,,,,,16g,0.551,0.758,0.991,0.878,1.657,2.092,,,,,,,,,l2,20260711T035309Z,32g,,,1000000,,,,,,,,,,0.6,14871.3,16933.3,0.44,0.759,1.025,,,,,,,0,,,,,,,2,l2_arcadedb_graph_embedded_oltp_r2,,,,medium,,,,,,,paper,,,,embedded,2026-07-11T09:43:57.701693+00:00,,,,,,oltp,0.812,0.984
ladybug_graph,,21.06,59698083,1288.1,410.7,2241.0,3147.5,0.125,59698083,0-11,,1288.1,ladybug:0.18.1,,,,,16g,1.367,1.893,2.883,5.261,6.559,7.168,,,,,,,,,l2,20260711T035309Z,32g,,,1000000,,,,,,,,,,2.37,2241.0,3147.5,0.18,0.294,0.46,,,,,,,0,,,,,,,4,l2_ladybug_graph_oltp_r4,,,,medium,,,,,,,paper,,,,embedded,2026-07-11T09:54:03.319806+00:00,,,,,,oltp,9.7,11.176
duckdb,,,98000028,332.1,815.4,2129.6,2817.9,0.053,98000028,0-11,,332.1,1.5.4,,,,,16g,,,,,,,326798.4,61.2,8.6369,1006,8.6119,9.6227,9.9334,,l1,20260711T035309Z,32g,,,,,20000000,,,,,,,267.2,,2129.6,2817.9,,,,,,,,,,0,1.1913,3068,1.1051,1.967,2.7339,,3,l1_duckdb_oltp_r3,,,,medium,0.024,,,,,,paper,,,,embedded,2026-07-11T09:54:27.947329+00:00,6.8752,926,8.1102,9.3936,11.5937,oltp,,
arcadedb_sparse_embedded,17374.8,575.55,846817364,5193.1,3857.7,16913.3,22029.8,0.517,846817364,0-11,30000,5193.1,26.8.1.dev0,,,,,16g,,,,,,,,,,,,,,10,l3s,20260711T035309Z,32g,,10000000,,100,,,,,,,,,,16913.3,22029.8,,,,18.3,54.654,95,53.79,66.026,70.228,0,,,,,,0.993,5,l3s_arcadedb_sparse_embedded_search_r5,,,,medium,,,,,,,paper,,,,embedded,2026-07-11T09:55:49.919141+00:00,,,,,,search,,
arcadedb_server,,,83585641,17.5,0.1,17.6,21.2,0.051,784325532,0-11,,12846.6,server:latest,,,,,16g,,,,,,,27517.0,726.82,1.0044,1006,0.977,1.2347,1.3741,,l1,20260711T035309Z,32g,0.75,,,,20000000,,,,,,,1320.4,,12889.3,15386.1,,,,,,,,,,0,0.6737,3068,0.6324,0.9194,1.0777,,1,l1_arcadedb_server_oltp_r1,,,,medium,0.202,700739891,12829.2,2337.4,12871.7,15364.9,paper,,,,client_server,2026-07-11T10:09:14.730245+00:00,0.766,926,0.7352,1.0429,1.2075,oltp,,
ladybug_graph,,21.47,75049857,1235.9,385.1,2447.1,3214.6,0.125,75049857,0-11,,1235.9,ladybug:0.18.1,,273.52,271.93,10,16g,,,,,,,,,,,,,,,l2,20260711T035309Z,32g,,,1000000,,,,,,,,,,,2447.1,3214.6,,,,,,,,,,0,,,,,,,5,l2_ladybug_graph_olap_r5,283.1,279.48,10,medium,,,,,,,paper,42.55,40.53,10,embedded,2026-07-11T10:21:28.707418+00:00,,,,,,olap,,
qdrant_sparse,26351.9,379.48,256970705,67.5,1.1,67.5,74.0,0.789,960621846,0-11,30000,3007.5,qdrant,,,,,16g,,,,,,,,,,,,,,10,l3s,20260711T035309Z,32g,0.75,10000000,,100,,,,,,,,,,5008.4,8559.4,,,,182.3,5.487,95,5.421,5.922,6.126,0,,,,,,1.0,4,l3s_qdrant_sparse_search_r4,,,,medium,,703651141,2940.0,443.9,4940.9,8485.4,paper,,,,client_server,2026-07-11T10:21:54.810465+00:00,,,,,,search,,
milvus_sparse,22785.5,438.88,405308508,71.0,0.7,71.0,78.6,2.361,1323517109,0-11,30000,6116.2,milvus,,,,,16g,,,,,,,,,,,,,,10,l3s,20260711T035309Z,32g,0.75,10000000,,100,,,,,,,,,,8632.2,16799.2,,,,150.4,6.65,95,6.62,8.699,8.981,0,,,,,,1.0,3,l3s_milvus_sparse_search_r3,,,,medium,,918208601,6045.2,7975.1,8561.2,16720.6,paper,,,,client_server,2026-07-11T10:28:18.346990+00:00,,,,,,search,,
duckdb,,,97897286,1077.7,700.0,2041.8,2709.8,0.054,97897286,0-11,,1077.7,1.5.4,,,,,16g,,,,,,,323005.1,61.92,8.6329,1006,8.6416,9.6458,10.14,,l1,20260711T035309Z,32g,,,,,20000000,,,,,,,268.8,,2041.8,2709.8,,,,,,,,,,0,1.1616,3068,1.073,1.9459,2.6446,,5,l1_duckdb_oltp_r5,,,,medium,0.023,,,,,,paper,,,,embedded,2026-07-11T10:35:43.233610+00:00,6.8599,926,8.1495,9.31,9.9327,oltp,,
arcadedb_embedded,,,831519320,634.6,2325.5,13110.1,15533.5,0.369,831519320,0-11,,634.6,26.8.1.dev0,"r.py"", line 411, in <module>
    main()
  File ""/work/l1_tabular.py"", line 398, in main
    out.update(b.olap())
               ^^^^^^^^
  File ""/work/l1_tabular.py"", line 163, in olap
    self.query_all(sql)
  File ""/work/l1_tabular.py"", line 280, in query_all
    return self.db.query(""sql"", sql, *(params or ())).to_json_list()
           ^^^^^^^^^^^^^^^^^^^^^^^^^^^^^^^^^^^^^^^^^^
  File ""/usr/local/lib/python3.12/site-packages/arcadedb_embedded/core.py"", line 112, in query
    raise ArcadeDBError(f""Query failed: {e}"") from e
arcadedb_embedded.exceptions.ArcadeDBError: Query failed: com.arcadedb.exception.CommandExecutionException: Limit of allowed groups for in-heap GROUP BY in a single query exceeded (500000). You can set arcadedb.queryMaxHeapElementsAllowedPerOp to increase this limit
",,,,16g,,,,,,,44659.0,44.78,,,,,,,l1,20260711T035309Z,32g,,,,,2000000,1685.394,1182.823,1196.623,1310.515,1452.903,6828.258,,,13110.1,15533.5,,,,,,,,,,1,,,,,,,2,l1_arcadedb_embedded_olap_r2,,,,medium,0.163,,,,,,paper,,,,embedded,2026-07-11T10:37:05.667928+00:00,,,,,,olap,,
arcadedb_graph_embedded,,621.24,985108154,6507.3,1576.4,15033.9,17126.8,0.561,985108154,0-11,,6507.3,26.8.1.dev0,,11564.33,11312.32,10,16g,,,,,,,,,,,,,,,l2,20260711T035309Z,32g,,,1000000,,,,,,,,,,,15033.9,17126.8,,,,,,,,,,0,,,,,,,3,l2_arcadedb_graph_embedded_olap_r3,10876.7,10796.32,10,medium,,,,,,,paper,1014.17,952.03,10,embedded,2026-07-11T10:50:11.534108+00:00,,,,,,olap,,
neo4j_graph,,487.93,166977161,173.2,1.1,173.2,179.0,0.731,510383936,0-11,,17862.0,neo4j-driver:6.2.0,,,,,16g,4.702,6.368,15.645,4.66,6.531,8.005,,,,,,,,,l2,20260711T035309Z,32g,0.75,,1000000,,,,,,,,,,4.2,17862.0,20111.4,5.264,8.497,9.185,,,,,,,0,,,,,,,3,l2_neo4j_graph_oltp_r3,,,,medium,,343406775,17688.8,2070.3,17688.8,19932.4,paper,,,,client_server,2026-07-11T11:02:55.412300+00:00,,,,,,oltp,7.585,12.974
neo4j_graph,,490.01,167889582,89.4,1.0,173.1,179.0,0.748,513149930,0-11,,17807.7,neo4j-driver:6.2.0,,,,,16g,4.829,6.549,17.587,4.709,6.511,7.453,,,,,,,,,l2,20260711T035309Z,32g,0.75,,1000000,,,,,,,,,,4.17,17891.4,19961.2,4.982,7.867,9.769,,,,,,,0,,,,,,,1,l2_neo4j_graph_oltp_r1,,,,medium,,345260348,17718.3,1901.8,17718.3,19782.1,paper,,,,client_server,2026-07-11T11:11:19.585008+00:00,,,,,,oltp,7.299,12.583
elasticsearch_sparse,6260.9,1597.21,380838345,47.9,0.8,47.9,53.6,0.751,1596523330,0-11,30000,2771.8,9.4.1,,,,,16g,,,,,,,,,,,,,,10,l3s,20260711T035309Z,32g,0.75,10000000,,100,,,,,,,,,,2771.8,7990.9,,,,102.9,9.721,95,9.155,14.907,22.362,0,,,,,,0.91,4,l3s_elasticsearch_sparse_search_r4,,,,medium,,1215684985,2723.9,2462.6,2723.9,7937.3,paper,,,,client_server,2026-07-11T11:19:45.885984+00:00,,,,,,search,,
arcadedb_graph_embedded,,600.45,820812250,4518.7,1576.3,14969.2,17031.7,0.57,820812250,0-11,,4518.7,26.8.1.dev0,,,,,16g,0.586,0.76,1.079,0.944,1.745,1.993,,,,,,,,,l2,20260711T035309Z,32g,,,1000000,,,,,,,,,,0.61,14969.2,17031.7,0.419,0.759,0.937,,,,,,,0,,,,,,,3,l2_arcadedb_graph_embedded_oltp_r3,,,,medium,,,,,,,paper,,,,embedded,2026-07-11T11:46:43.172894+00:00,,,,,,oltp,0.858,1.031
arcadedb_embedded,,,706580842,324.3,2268.8,12942.6,15744.5,0.385,706580842,0-11,,324.3,26.8.1.dev0,,,,,16g,,,,,,,30394.6,658.01,0.454,1006,0.3728,0.4927,0.5503,,l1,20260711T035309Z,32g,,,,,20000000,,,,,,,5429.4,,12942.6,15744.5,,,,,,,,,,0,0.0869,3068,0.0785,0.1485,0.1906,,3,l1_arcadedb_embedded_oltp_r3,,,,medium,0.171,,,,,,paper,,,,embedded,2026-07-11T11:56:46.042867+00:00,0.2133,926,0.2018,0.3555,0.4512,oltp,,
arcadedb_sparse_server,10159.0,984.35,213767524,1.4,0.1,24.9,28.8,5.48,1340528387,0-11,30000,16825.8,server:26.8.1-SNAPSHOT (build d758998ce9854d21aadce81987cd1dc036488c49/1783718348989/main),,,,,16g,,,,,,,,,,,,,,10,l3s,20260711T035309Z,32g,0.75,10000000,,100,,,,,,,,,,16885.3,22161.6,,,,15.3,65.264,95,64.571,81.476,85.143,0,,,,,,0.993,4,l3s_arcadedb_sparse_server_search_r4,,,,medium,,1126760863,16824.4,3911.4,16860.4,22132.8,paper,,,,client_server,2026-07-11T12:07:46.987742+00:00,,,,,,search,,
arcadedb_sparse_embedded_fp32,16972.5,589.19,864891274,1291.1,4728.4,16913.0,23927.4,0.522,864891274,0-11,30000,1291.1,26.8.1.dev0,,,,,16g,,,,,,,,,,,,,,10,l3s,20260711T035309Z,32g,,10000000,,100,,,,,,,,,,16913.0,23927.4,,,,16.6,60.394,95,59.449,73.315,79.034,0,,,,,,1.0,3,l3s_arcadedb_sparse_embedded_fp32_search_r3,,,,medium,,,,,,,paper,,,,embedded,2026-07-11T12:28:28.375586+00:00,,,,,,search,,
ladybug_graph,,21.16,59711016,2277.2,405.2,2308.7,3291.4,0.123,59711016,0-11,,2277.2,ladybug:0.18.1,,,,,16g,1.383,1.826,2.245,5.302,6.512,7.434,,,,,,,,,l2,20260711T035309Z,32g,,,1000000,,,,,,,,,,2.39,2308.7,3291.4,0.165,0.263,0.522,,,,,,,0,,,,,,,1,l2_ladybug_graph_oltp_r1,,,,medium,,,,,,,paper,,,,embedded,2026-07-11T12:42:09.260164+00:00,,,,,,oltp,9.921,11.986
postgres,,,55070527,93.8,0.8,93.8,100.9,0.115,184743771,0-11,,99.5,17.10 (Debian 17.10-1.pgdg13+1),,,,,16g,,,,,,,332241.4,60.2,,,,,,,l1,20260711T035309Z,32g,0.75,,,,20000000,726.747,428.982,409.377,688.757,1015.743,3269.606,,,144.0,4078.0,,,,,,,,,,0,,,,,,,2,l1_postgres_olap_r2,,,,medium,0.019,129673244,5.7,3711.5,50.2,3977.1,paper,,,,client_server,2026-07-11T12:42:33.878457+00:00,,,,,,olap,,
duckdb,,,98580831,348.5,815.2,2084.0,2777.1,0.053,98580831,0-11,,348.5,1.5.4,,,,,16g,,,,,,,321398.8,62.23,8.6391,1006,8.6132,9.6861,10.0232,,l1,20260711T035309Z,32g,,,,,20000000,,,,,,,267.5,,2084.0,2777.1,,,,,,,,,,0,1.1886,3068,1.1048,2.0369,3.291,,4,l1_duckdb_oltp_r4,,,,medium,0.024,,,,,,paper,,,,embedded,2026-07-11T12:44:04.005328+00:00,6.8606,926,8.1115,9.3591,11.3481,oltp,,
arcadedb_graph_server,,1123.93,28039875,19.7,0.1,20.1,23.0,0.249,1550576341,0-11,,15214.0,server:latest,,12289.9,12028.92,10,16g,,,,,,,,,,,,,,,l2,20260711T035309Z,32g,0.75,,1000000,,,,,,,,,,,15214.4,16927.1,,,,,,,,,,0,,,,,,,1,l2_arcadedb_graph_server_olap_r1,11548.11,11424.62,10,medium,,1522536466,15194.3,1626.4,15194.3,16904.1,paper,1080.75,1037.67,10,client_server,2026-07-11T12:45:26.981685+00:00,,,,,,olap,,
arcadedb_graph_server,,1116.28,28170974,19.7,0.1,19.7,22.8,0.253,1537880102,0-11,,15202.6,server:latest,,11863.49,11687.77,10,16g,,,,,,,,,,,,,,,l2,20260711T035309Z,32g,0.75,,1000000,,,,,,,,,,,15202.6,16867.2,,,,,,,,,,0,,,,,,,2,l2_arcadedb_graph_server_olap_r2,11127.56,10817.98,10,medium,,1509709128,15183.0,1576.6,15183.0,16844.4,paper,1100.27,1050.3,10,client_server,2026-07-11T13:06:43.737971+00:00,,,,,,olap,,
postgres,,,55570117,22.0,0.8,90.1,97.4,0.115,184304481,0-11,,27.7,17.10 (Debian 17.10-1.pgdg13+1),,,,,16g,,,,,,,329069.8,60.78,,,,,,,l1,20260711T035309Z,32g,0.75,,,,20000000,724.259,419.207,400.407,682.85,1000.906,3227.629,,,140.4,4074.0,,,,,,,,,,0,,,,,,,5,l1_postgres_olap_r5,,,,medium,0.018,128734364,5.7,3711.0,50.4,3976.6,paper,,,,client_server,2026-07-11T13:27:47.926722+00:00,,,,,,olap,,
arcadedb_graph_embedded,,608.98,827205439,749.3,1576.3,14826.4,16892.0,0.556,827205439,0-11,,749.3,26.8.1.dev0,,,,,16g,0.569,0.744,1.07,0.89,1.654,2.113,,,,,,,,,l2,20260711T035309Z,32g,,,1000000,,,,,,,,,,0.6,14826.4,16892.0,0.417,0.76,0.985,,,,,,,0,,,,,,,1,l2_arcadedb_graph_embedded_oltp_r1,,,,medium,,,,,,,paper,,,,embedded,2026-07-11T13:29:18.304953+00:00,,,,,,oltp,0.782,1.125
qdrant_sparse,25564.7,391.17,257977379,67.5,1.0,67.5,73.6,0.799,983470025,0-11,30000,2962.6,qdrant,,,,,16g,,,,,,,,,,,,,,10,l3s,20260711T035309Z,32g,0.75,10000000,,100,,,,,,,,,,4757.8,8820.0,,,,188.7,5.3,95,5.134,6.504,7.106,0,,,,,,1.0,5,l3s_qdrant_sparse_search_r5,,,,medium,,725492646,2895.1,439.2,4690.3,8746.4,paper,,,,client_server,2026-07-11T13:39:29.676572+00:00,,,,,,search,,
arcadedb_server,,,83048407,17.4,0.1,17.6,21.1,0.05,936806498,0-11,,12994.9,server:latest,"Traceback (most recent call last):
  File ""/work/l1_tabular.py"", line 411, in <module>
    main()
  File ""/work/l1_tabular.py"", line 398, in main
    out.update(b.olap())
               ^^^^^^^^
  File ""/work/l1_tabular.py"", line 163, in olap
    self.query_all(sql)
  File ""/work/l1_tabular.py"", line 332, in query_all
    return self._post(""query"", sql, params)
           ^^^^^^^^^^^^^^^^^^^^^^^^^^^^^^^^
  File ""/work/l1_tabular.py"", line 319, in _post
    r.raise_for_status()
  File ""/usr/local/lib/python3.12/site-packages/requests/models.py"", line 1167, in raise_for_status
    raise HTTPError(http_error_msg, response=self)
requests.exceptions.HTTPError: 500 Server Error: Internal Server Error for url: http://srv-l1_arcadedb_server_olap_r4:2480/api/v1/query/bench
",,,,16g,,,,,,,38206.1,52.35,,,,,,,l1,20260711T035309Z,32g,0.75,,,,2000000,1834.299,1269.381,1273.223,1425.919,1607.736,7410.558,,,12995.6,15403.2,,,,,,,,,,1,,,,,,,4,l1_arcadedb_server_olap_r4,,,,medium,0.192,853758091,12977.4,2298.1,12978.0,15382.2,paper,,,,client_server,2026-07-11T13:46:04.995266+00:00,,,,,,olap,,
arcadedb_sparse_embedded_nocompact,17569.2,569.18,846091734,6109.5,3873.1,16906.2,21325.4,0.486,846091734,0-11,30000,6109.5,26.8.1.dev0,,,,,16g,,,,,,,,,,,,,,10,l3s,20260711T035309Z,32g,,10000000,,100,,,,,,,,,,16906.2,21325.4,,,,12.1,82.66,95,81.227,100.683,110.26,0,,,,,,0.993,3,l3s_arcadedb_sparse_embedded_nocompact_search_r3,,,,medium,,,,,,,paper,,,,embedded,2026-07-11T14:00:50.211981+00:00,,,,,,search,,
neo4j_graph,,495.02,171742986,173.3,1.1,173.3,179.0,0.752,879060104,0-11,,17851.5,neo4j-driver:6.2.0,,22098.67,22089.59,10,16g,,,,,,,,,,,,,,,l2,20260711T035309Z,32g,0.75,,1000000,,,,,,,,,,,17855.7,20131.2,,,,,,,,,,0,,,,,,,2,l2_neo4j_graph_olap_r2,23278.86,21821.52,10,medium,,707317118,17678.2,2167.3,17682.4,19952.2,paper,13992.37,13652.05,10,client_server,2026-07-11T14:14:12.763904+00:00,,,,,,olap,,
arcadedb_sparse_embedded_nocompact,17593.0,568.41,838670980,3544.4,3873.1,16890.1,21336.3,0.501,838670980,0-11,30000,3544.4,26.8.1.dev0,,,,,16g,,,,,,,,,,,,,,10,l3s,20260711T035309Z,32g,,10000000,,100,,,,,,,,,,16890.1,21336.3,,,,11.8,84.885,95,83.768,104.185,111.41,0,,,,,,0.993,1,l3s_arcadedb_sparse_embedded_nocompact_search_r1,,,,medium,,,,,,,paper,,,,embedded,2026-07-11T14:28:35.964795+00:00,,,,,,search,,
arcadedb_server,,,82302323,17.4,0.8,17.6,21.9,0.049,931508923,0-11,,13007.9,server:latest,"Traceback (most recent call last):
  File ""/work/l1_tabular.py"", line 411, in <module>
    main()
  File ""/work/l1_tabular.py"", line 398, in main
    out.update(b.olap())
               ^^^^^^^^
  File ""/work/l1_tabular.py"", line 163, in olap
    self.query_all(sql)
  File ""/work/l1_tabular.py"", line 332, in query_all
    return self._post(""query"", sql, params)
           ^^^^^^^^^^^^^^^^^^^^^^^^^^^^^^^^
  File ""/work/l1_tabular.py"", line 319, in _post
    r.raise_for_status()
  File ""/usr/local/lib/python3.12/site-packages/requests/models.py"", line 1167, in raise_for_status
    raise HTTPError(http_error_msg, response=self)
requests.exceptions.HTTPError: 500 Server Error: Internal Server Error for url: http://srv-l1_arcadedb_server_olap_r1:2480/api/v1/query/bench
",,,,16g,,,,,,,37659.8,53.11,,,,,,,l1,20260711T035309Z,32g,0.75,,,,2000000,1814.268,1284.538,1277.111,1426.6,1621.337,7423.854,,,13010.6,15392.0,,,,,,,,,,1,,,,,,,1,l1_arcadedb_server_olap_r1,,,,medium,0.197,849206600,12990.5,2278.4,12993.0,15370.2,paper,,,,client_server,2026-07-11T14:41:58.510603+00:00,,,,,,olap,,
arcadedb_graph_server,,1124.8,28186608,19.7,0.1,20.2,22.8,0.242,1548010063,0-11,,15481.6,server:latest,,11875.36,11679.72,10,16g,,,,,,,,,,,,,,,l2,20260711T035309Z,32g,0.75,,1000000,,,,,,,,,,,15505.4,17195.1,,,,,,,,,,0,,,,,,,4,l2_arcadedb_graph_server_olap_r4,11069.61,11000.87,10,medium,,1519823455,15461.9,1597.9,15485.2,17172.4,paper,1120.51,1057.7,10,client_server,2026-07-11T14:56:39.461435+00:00,,,,,,olap,,
arcadedb_embedded,,,853166657,7967.5,2274.1,13108.8,15479.5,0.365,853166657,0-11,,7967.5,26.8.1.dev0,"r.py"", line 411, in <module>
    main()
  File ""/work/l1_tabular.py"", line 398, in main
    out.update(b.olap())
               ^^^^^^^^
  File ""/work/l1_tabular.py"", line 163, in olap
    self.query_all(sql)
  File ""/work/l1_tabular.py"", line 280, in query_all
    return self.db.query(""sql"", sql, *(params or ())).to_json_list()
           ^^^^^^^^^^^^^^^^^^^^^^^^^^^^^^^^^^^^^^^^^^
  File ""/usr/local/lib/python3.12/site-packages/arcadedb_embedded/core.py"", line 112, in query
    raise ArcadeDBError(f""Query failed: {e}"") from e
arcadedb_embedded.exceptions.ArcadeDBError: Query failed: com.arcadedb.exception.CommandExecutionException: Limit of allowed groups for in-heap GROUP BY in a single query exceeded (500000). You can set arcadedb.queryMaxHeapElementsAllowedPerOp to increase this limit
",,,,16g,,,,,,,44031.7,45.42,,,,,,,l1,20260711T035309Z,32g,,,,,2000000,1693.997,1178.766,1216.351,1307.125,1483.674,6879.913,,,13108.8,15479.5,,,,,,,,,,1,,,,,,,1,l1_arcadedb_embedded_olap_r1,,,,medium,0.166,,,,,,paper,,,,embedded,2026-07-11T15:17:52.139205+00:00,,,,,,olap,,
postgres,,,56150827,87.6,0.8,87.6,94.5,0.118,115268007,0-11,,92.2,17.10 (Debian 17.10-1.pgdg13+1),,,,,16g,,,,,,,331923.7,60.25,2.447,1006,2.4644,2.7857,2.9395,,l1,20260711T035309Z,32g,0.75,,,,20000000,,,,,,,524.6,,102.2,3932.2,,,,,,,,,,0,1.1443,3068,1.023,1.6736,1.8129,,4,l1_postgres_oltp_r4,,,,medium,0.018,59117180,4.6,3712.3,14.6,3837.7,paper,,,,client_server,2026-07-11T15:31:19.045811+00:00,3.8437,926,3.8047,4.5262,4.8727,oltp,,
arcadedb_graph_embedded,,604.88,828339085,7931.1,1576.4,14808.9,16899.1,0.568,828339085,0-11,,7931.1,26.8.1.dev0,,,,,16g,0.586,0.758,1.034,0.911,1.728,2.102,,,,,,,,,l2,20260711T035309Z,32g,,,1000000,,,,,,,,,,0.6,14808.9,16899.1,0.455,0.733,0.907,,,,,,,0,,,,,,,5,l2_arcadedb_graph_embedded_oltp_r5,,,,medium,,,,,,,paper,,,,embedded,2026-07-11T15:32:32.911928+00:00,,,,,,oltp,0.826,0.974
arcadedb_graph_embedded,,617.8,977779603,8283.4,1576.4,15997.1,17656.7,0.556,977779603,0-11,,8283.4,26.8.1.dev0,,10986.76,10828.23,10,16g,,,,,,,,,,,,,,,l2,20260711T035309Z,32g,,,1000000,,,,,,,,,,,15997.1,17656.7,,,,,,,,,,0,,,,,,,1,l2_arcadedb_graph_embedded_olap_r1,10414.09,10266.95,10,medium,,,,,,,paper,1011.29,959.94,10,embedded,2026-07-11T15:42:40.280790+00:00,,,,,,olap,,
arcadedb_server,,,85184333,17.5,0.3,17.6,21.3,0.051,797887266,0-11,,12859.1,server:latest,,,,,16g,,,,,,,27041.3,739.61,0.9921,1006,0.9811,1.185,1.3107,,l1,20260711T035309Z,32g,0.75,,,,20000000,,,,,,,1331.3,,12887.7,15357.1,,,,,,,,,,0,0.6682,3068,0.6528,0.8422,0.9505,,3,l1_arcadedb_server_oltp_r3,,,,medium,0.195,712702933,12841.6,2310.4,12870.1,15335.8,paper,,,,client_server,2026-07-11T15:55:14.888472+00:00,0.7641,926,0.7563,0.9437,1.0763,oltp,,
arcadedb_graph_embedded,,629.94,995016630,8773.9,1576.3,14937.8,16958.8,0.561,995016630,0-11,,8773.9,26.8.1.dev0,,11565.36,11441.95,10,16g,,,,,,,,,,,,,,,l2,20260711T035309Z,32g,,,1000000,,,,,,,,,,,14937.8,16958.8,,,,,,,,,,0,,,,,,,4,l2_arcadedb_graph_embedded_olap_r4,10237.18,10085.21,10,medium,,,,,,,paper,1013.07,955.91,10,embedded,2026-07-11T16:07:41.372246+00:00,,,,,,olap,,
arcadedb_sparse_server,10125.8,987.58,217513220,24.3,0.1,24.7,29.3,5.199,1374157825,0-11,30000,16849.5,server:26.8.1-SNAPSHOT (build d758998ce9854d21aadce81987cd1dc036488c49/1783718348989/main),,,,,16g,,,,,,,,,,,,,,10,l3s,20260711T035309Z,32g,0.75,10000000,,100,,,,,,,,,,16867.4,21788.3,,,,14.9,67.309,95,65.802,78.32,94.362,0,,,,,,0.993,2,l3s_arcadedb_sparse_server_search_r2,,,,medium,,1156644605,16825.1,3881.7,16842.7,21759.0,paper,,,,client_server,2026-07-11T16:20:30.516765+00:00,,,,,,search,,
milvus_sparse,22514.0,444.17,410487888,71.0,1.4,71.0,79.2,2.155,1366610132,0-11,30000,5042.7,milvus,,,,,16g,,,,,,,,,,,,,,10,l3s,20260711T035309Z,32g,0.75,10000000,,100,,,,,,,,,,10644.4,18259.4,,,,117.0,8.545,95,8.38,11.458,13.24,0,,,,,,1.0,1,l3s_milvus_sparse_search_r1,,,,medium,,956122244,4971.7,6886.8,10573.4,18180.2,paper,,,,client_server,2026-07-11T16:41:45.439748+00:00,,,,,,search,,
ladybug_graph,,22.17,76021869,680.9,385.5,2386.7,3237.0,0.124,76021869,0-11,,680.9,ladybug:0.18.1,,273.85,270.2,10,16g,,,,,,,,,,,,,,,l2,20260711T035309Z,32g,,,1000000,,,,,,,,,,,2386.7,3237.0,,,,,,,,,,0,,,,,,,4,l2_ladybug_graph_olap_r4,283.98,282.63,10,medium,,,,,,,paper,45.01,43.29,10,embedded,2026-07-11T16:49:16.383253+00:00,,,,,,olap,,
arcadedb_sparse_server,10192.7,981.1,216160942,24.6,0.1,25.1,29.2,5.948,1405698293,0-11,30000,16849.6,server:26.8.1-SNAPSHOT (build d758998ce9854d21aadce81987cd1dc036488c49/1783718348989/main),,,,,16g,,,,,,,,,,,,,,10,l3s,20260711T035309Z,32g,0.75,10000000,,100,,,,,,,,,,16866.0,22154.9,,,,15.4,65.062,95,63.428,79.558,117.892,0,,,,,,0.993,1,l3s_arcadedb_sparse_server_search_r1,,,,medium,,1189537351,16825.1,3904.6,16840.9,22125.8,paper,,,,client_server,2026-07-11T16:49:43.192847+00:00,,,,,,search,,
arcadedb_server,,,83511976,17.4,0.1,17.6,21.1,0.05,954385805,0-11,,13006.0,server:latest,"Traceback (most recent call last):
  File ""/work/l1_tabular.py"", line 411, in <module>
    main()
  File ""/work/l1_tabular.py"", line 398, in main
    out.update(b.olap())
               ^^^^^^^^
  File ""/work/l1_tabular.py"", line 163, in olap
    self.query_all(sql)
  File ""/work/l1_tabular.py"", line 332, in query_all
    return self._post(""query"", sql, params)
           ^^^^^^^^^^^^^^^^^^^^^^^^^^^^^^^^
  File ""/work/l1_tabular.py"", line 319, in _post
    r.raise_for_status()
  File ""/usr/local/lib/python3.12/site-packages/requests/models.py"", line 1167, in raise_for_status
    raise HTTPError(http_error_msg, response=self)
requests.exceptions.HTTPError: 500 Server Error: Internal Server Error for url: http://srv-l1_arcadedb_server_olap_r5:2480/api/v1/query/bench
",,,,16g,,,,,,,37764.6,52.96,,,,,,,l1,20260711T035309Z,32g,0.75,,,,2000000,1808.907,1293.441,1283.944,1439.728,1609.698,7435.718,,,13010.3,15407.2,,,,,,,,,,1,,,,,,,5,l1_arcadedb_server_olap_r5,,,,medium,0.193,870873829,12988.6,2295.4,12992.7,15386.1,paper,,,,client_server,2026-07-11T17:11:32.135593+00:00,,,,,,olap,,
arcadedb_sparse_embedded,17011.1,587.85,862147067,4811.6,3857.4,16909.6,22117.9,0.515,862147067,0-11,30000,4811.6,26.8.1.dev0,,,,,16g,,,,,,,,,,,,,,10,l3s,20260711T035309Z,32g,,10000000,,100,,,,,,,,,,16909.6,22117.9,,,,17.2,58.003,95,56.87,71.168,73.68,0,,,,,,0.993,3,l3s_arcadedb_sparse_embedded_search_r3,,,,medium,,,,,,,paper,,,,embedded,2026-07-11T17:26:35.398014+00:00,,,,,,search,,
arcadedb_graph_embedded,,600.74,820383617,2980.7,1576.3,14943.6,17001.4,0.562,820383617,0-11,,2980.7,26.8.1.dev0,,,,,16g,0.564,0.749,1.055,0.936,1.706,2.15,,,,,,,,,l2,20260711T035309Z,32g,,,1000000,,,,,,,,,,0.6,14943.6,17001.4,0.438,0.696,0.947,,,,,,,0,,,,,,,4,l2_arcadedb_graph_embedded_oltp_r4,,,,medium,,,,,,,paper,,,,embedded,2026-07-11T17:40:12.255735+00:00,,,,,,oltp,0.809,1.036
arcadedb_sparse_server,10187.0,981.64,215579217,24.7,0.1,25.2,29.1,6.439,1354360443,0-11,30000,16849.9,server:26.8.1-SNAPSHOT (build d758998ce9854d21aadce81987cd1dc036488c49/1783718348989/main),,,,,16g,,,,,,,,,,,,,,10,l3s,20260711T035309Z,32g,0.75,10000000,,100,,,,,,,,,,16864.9,22106.7,,,,15.4,64.73,95,62.806,78.169,137.811,0,,,,,,0.993,5,l3s_arcadedb_sparse_server_search_r5,,,,medium,,1138781226,16825.2,3856.3,16839.7,22077.6,paper,,,,client_server,2026-07-11T17:50:15.373599+00:00,,,,,,search,,
duckdb,,,98676833,28.5,815.5,2128.8,2820.2,0.054,98676833,0-11,,28.5,1.5.4,,,,,16g,,,,,,,319708.5,62.56,8.7049,1006,8.6793,9.7439,10.1784,,l1,20260711T035309Z,32g,,,,,20000000,,,,,,,265.5,,2128.8,2820.2,,,,,,,,,,0,1.1938,3068,1.1037,2.0423,2.7254,,1,l1_duckdb_oltp_r1,,,,medium,0.023,,,,,,paper,,,,embedded,2026-07-11T18:11:11.115794+00:00,6.9219,926,8.1491,9.4429,11.7559,oltp,,
arcadedb_embedded,,,709863537,334.5,2268.9,12925.0,15654.0,0.385,709863537,0-11,,334.5,26.8.1.dev0,,,,,16g,,,,,,,30253.0,661.09,0.377,1006,0.3694,0.4593,0.4988,,l1,20260711T035309Z,32g,,,,,20000000,,,,,,,5592.2,,12925.0,15654.0,,,,,,,,,,0,0.0818,3068,0.0751,0.1461,0.1898,,1,l1_arcadedb_embedded_oltp_r1,,,,medium,0.148,,,,,,paper,,,,embedded,2026-07-11T18:12:34.598898+00:00,0.285,926,0.1921,0.3621,0.4307,oltp,,
elasticsearch_sparse,6248.4,1600.4,380746907,47.9,0.7,47.9,53.9,0.789,1601915748,0-11,30000,2815.5,9.4.1,,,,,16g,,,,,,,,,,,,,,10,l3s,20260711T035309Z,32g,0.75,10000000,,100,,,,,,,,,,3414.5,8044.2,,,,102.3,9.779,95,9.298,14.256,19.061,0,,,,,,0.91,1,l3s_elasticsearch_sparse_search_r1,,,,medium,,1221168841,2767.6,2462.6,3366.6,7990.3,paper,,,,client_server,2026-07-11T18:23:38.538989+00:00,,,,,,search,,
qdrant_sparse,26456.2,377.98,259241002,67.3,1.0,67.3,73.9,0.78,966613873,0-11,30000,3342.0,qdrant,,,,,16g,,,,,,,,,,,,,,10,l3s,20260711T035309Z,32g,0.75,10000000,,100,,,,,,,,,,4668.0,7454.0,,,,186.4,5.366,95,5.173,6.591,6.792,0,,,,,,1.0,1,l3s_qdrant_sparse_search_r1,,,,medium,,707372871,3274.7,439.2,4600.8,7380.0,paper,,,,client_server,2026-07-11T18:50:38.770402+00:00,,,,,,search,,
arcadedb_graph_server,,1127.35,28558592,19.7,0.1,20.2,22.7,0.245,1553699984,0-11,,15285.1,server:latest,,11982.87,11710.45,10,16g,,,,,,,,,,,,,,,l2,20260711T035309Z,32g,0.75,,1000000,,,,,,,,,,,15296.6,16969.7,,,,,,,,,,0,,,,,,,3,l2_arcadedb_graph_server_olap_r3,10812.33,10492.81,10,medium,,1525141392,15265.5,1576.7,15276.4,16946.9,paper,1068.8,1030.41,10,client_server,2026-07-11T18:57:00.840456+00:00,,,,,,olap,,
milvus_sparse,22753.5,439.49,406005623,71.0,0.9,71.0,78.9,2.158,1327381140,0-11,30000,6826.2,milvus,,,,,16g,,,,,,,,,,,,,,10,l3s,20260711T035309Z,32g,0.75,10000000,,100,,,,,,,,,,8401.8,20079.1,,,,138.6,7.216,95,7.003,9.553,12.313,0,,,,,,1.0,4,l3s_milvus_sparse_search_r4,,,,medium,,921375517,6755.2,12499.3,8330.8,20000.2,paper,,,,client_server,2026-07-11T19:18:15.559809+00:00,,,,,,search,,
arcadedb_graph_server,,1094.28,28372148,19.7,1.1,20.2,24.2,0.249,1360487105,0-11,,14486.9,server:latest,,,,,16g,1.251,1.762,2.194,1.805,2.791,3.338,,,,,,,,,l2,20260711T035309Z,32g,0.75,,1000000,,,,,,,,,,1.19,14492.7,16272.3,0.983,1.327,1.451,,,,,,,0,,,,,,,4,l2_arcadedb_graph_server_oltp_r4,,,,medium,,1332114957,14467.2,1599.8,14472.5,16248.1,paper,,,,client_server,2026-07-11T19:25:42.173822+00:00,,,,,,oltp,1.555,1.875
qdrant_sparse,25723.3,388.75,260117084,67.5,1.0,67.5,74.6,0.778,1003375342,0-11,30000,2980.3,qdrant,,,,,16g,,,,,,,,,,,,,,10,l3s,20260711T035309Z,32g,0.75,10000000,,100,,,,,,,,,,4770.0,7851.6,,,,186.7,5.357,95,5.068,6.518,6.916,0,,,,,,1.0,3,l3s_qdrant_sparse_search_r3,,,,medium,,743258258,2912.8,438.9,4702.5,7777.0,paper,,,,client_server,2026-07-11T19:44:00.818342+00:00,,,,,,search,,
arcadedb_sparse_embedded,17009.9,587.89,856758016,3829.0,3857.2,16872.3,22085.1,0.528,856758016,0-11,30000,3829.0,26.8.1.dev0,,,,,16g,,,,,,,,,,,,,,10,l3s,20260711T035309Z,32g,,10000000,,100,,,,,,,,,,16872.3,22085.1,,,,17.5,57.259,95,56.292,69.532,71.83,0,,,,,,0.993,4,l3s_arcadedb_sparse_embedded_search_r4,,,,medium,,,,,,,paper,,,,embedded,2026-07-11T19:50:33.841907+00:00,,,,,,search,,
duckdb,,,87864022,1466.7,651.2,2126.9,2780.3,0.051,87864022,0-11,,1466.7,1.5.4,,,,,16g,,,,,,,322609.2,61.99,,,,,,,l1,20260711T035309Z,32g,,,,,20000000,15.309,15.766,10.721,9.283,62.212,113.291,,,2126.9,2780.3,,,,,,,,,,0,,,,,,,1,l1_duckdb_olap_r1,,,,medium,0.024,,,,,,paper,,,,embedded,2026-07-11T20:04:13.692793+00:00,,,,,,olap,,
ladybug_graph,,21.29,60008086,2236.9,419.0,2397.1,3234.2,0.123,60008086,0-11,,2236.9,ladybug:0.18.1,,,,,16g,1.342,1.835,1.984,5.654,7.293,7.847,,,,,,,,,l2,20260711T035309Z,32g,,,1000000,,,,,,,,,,2.46,2397.1,3234.2,0.175,0.274,0.449,,,,,,,0,,,,,,,2,l2_ladybug_graph_oltp_r2,,,,medium,,,,,,,paper,,,,embedded,2026-07-11T20:05:17.381976+00:00,,,,,,oltp,9.716,12.88
arcadedb_sparse_server,10074.4,992.61,216296639,24.3,0.1,24.9,28.8,6.391,1364704665,0-11,30000,16851.4,server:26.8.1-SNAPSHOT (build d758998ce9854d21aadce81987cd1dc036488c49/1783718348989/main),,,,,16g,,,,,,,,,,,,,,10,l3s,20260711T035309Z,32g,0.75,10000000,,100,,,,,,,,,,16870.1,22127.2,,,,15.4,64.89,95,63.469,78.265,87.69,0,,,,,,0.993,3,l3s_arcadedb_sparse_server_search_r3,,,,medium,,1148408026,16827.1,3873.6,16845.2,22098.4,paper,,,,client_server,2026-07-11T20:05:42.240453+00:00,,,,,,search,,
ladybug_graph,,21.45,75435489,2311.1,385.1,2385.9,3195.7,0.135,75435489,0-11,,2311.1,ladybug:0.18.1,,279.07,272.84,10,16g,,,,,,,,,,,,,,,l2,20260711T035309Z,32g,,,1000000,,,,,,,,,,,2385.9,3195.7,,,,,,,,,,0,,,,,,,3,l2_ladybug_graph_olap_r3,287.12,283.93,10,medium,,,,,,,paper,42.36,37.12,10,embedded,2026-07-11T20:26:47.158844+00:00,,,,,,olap,,
neo4j_graph,,493.92,173343342,173.3,1.1,173.3,179.1,0.747,515435306,0-11,,17884.3,neo4j-driver:6.2.0,,,,,16g,4.647,6.11,18.79,4.846,6.663,8.491,,,,,,,,,l2,20260711T035309Z,32g,0.75,,1000000,,,,,,,,,,4.19,17887.1,20131.6,4.827,7.785,9.687,,,,,,,0,,,,,,,5,l2_neo4j_graph_oltp_r5,,,,medium,,342091964,17711.0,2070.8,17713.8,19952.5,paper,,,,client_server,2026-07-11T20:27:13.250415+00:00,,,,,,oltp,7.7,12.717
duckdb,,,88546465,295.0,651.2,2033.8,2737.5,0.054,88546465,0-11,,295.0,1.5.4,,,,,16g,,,,,,,326423.8,61.27,,,,,,,l1,20260711T035309Z,32g,,,,,20000000,15.347,16.073,10.791,9.644,62.172,114.027,,,2033.8,2737.5,,,,,,,,,,0,,,,,,,5,l1_duckdb_olap_r5,,,,medium,0.024,,,,,,paper,,,,embedded,2026-07-11T20:35:44.135921+00:00,,,,,,olap,,
duckdb,,,88776126,305.1,650.9,2141.9,2838.9,0.051,88776126,0-11,,305.1,1.5.4,,,,,16g,,,,,,,324851.0,61.57,,,,,,,l1,20260711T035309Z,32g,,,,,20000000,14.072,15.88,10.862,9.324,61.791,111.929,,,2141.9,2838.9,,,,,,,,,,0,,,,,,,3,l1_duckdb_olap_r3,,,,medium,0.024,,,,,,paper,,,,embedded,2026-07-11T20:36:47.280514+00:00,,,,,,olap,,
qdrant_sparse,25356.1,394.38,261862933,67.3,0.9,67.3,74.1,0.797,1004860468,0-11,30000,3116.2,qdrant,,,,,16g,,,,,,,,,,,,,,10,l3s,20260711T035309Z,32g,0.75,10000000,,100,,,,,,,,,,4754.5,7518.5,,,,187.9,5.323,95,5.17,6.346,6.572,0,,,,,,1.0,2,l3s_qdrant_sparse_search_r2,,,,medium,,742997535,3049.0,437.3,4687.2,7444.4,paper,,,,client_server,2026-07-11T20:37:50.701780+00:00,,,,,,search,,
elasticsearch_sparse,6273.1,1594.1,381480498,47.9,0.7,47.9,53.7,0.848,1595486435,0-11,30000,2797.5,9.4.1,,,,,16g,,,,,,,,,,,,,,10,l3s,20260711T035309Z,32g,0.75,10000000,,100,,,,,,,,,,3431.1,8314.6,,,,99.2,10.076,95,9.692,14.204,23.226,0,,,,,,0.91,3,l3s_elasticsearch_sparse_search_r3,,,,medium,,1214005937,2749.6,2462.2,3383.2,8260.9,paper,,,,client_server,2026-07-11T20:44:29.025375+00:00,,,,,,search,,
arcadedb_embedded,,,705142318,586.6,2268.8,12912.3,15554.2,0.388,705142318,0-11,,586.6,26.8.1.dev0,,,,,16g,,,,,,,30424.5,657.36,0.3893,1006,0.3742,0.5011,0.5462,,l1,20260711T035309Z,32g,,,,,20000000,,,,,,,5962.4,,12912.3,15554.2,,,,,,,,,,0,0.0825,3068,0.0752,0.1531,0.1946,,5,l1_arcadedb_embedded_oltp_r5,,,,medium,0.171,,,,,,paper,,,,embedded,2026-07-11T21:11:23.087606+00:00,0.2093,926,0.1947,0.3702,0.4673,oltp,,
arcadedb_graph_server,,1084.39,28467608,19.7,0.1,20.1,23.3,0.246,1347976103,0-11,,14161.5,server:latest,,,,,16g,1.236,1.662,1.949,1.794,2.723,3.413,,,,,,,,,l2,20260711T035309Z,32g,0.75,,1000000,,,,,,,,,,1.21,14170.3,15933.6,1.03,1.661,1.885,,,,,,,0,,,,,,,5,l2_arcadedb_graph_server_oltp_r5,,,,medium,,1319508495,14141.8,1599.8,14150.1,15910.3,paper,,,,client_server,2026-07-11T21:22:23.229746+00:00,,,,,,oltp,1.459,2.062
ladybug_graph,,21.32,74882936,2300.9,385.1,2300.9,3106.1,0.131,74882936,0-11,,2300.9,ladybug:0.18.1,,273.98,269.49,10,16g,,,,,,,,,,,,,,,l2,20260711T035309Z,32g,,,1000000,,,,,,,,,,,2300.9,3106.1,,,,,,,,,,0,,,,,,,1,l2_ladybug_graph_olap_r1,285.17,282.51,10,medium,,,,,,,paper,42.88,41.43,10,embedded,2026-07-11T21:40:32.162546+00:00,,,,,,olap,,
arcadedb_server,,,85172813,17.5,0.1,17.6,21.3,0.051,791204917,0-11,,12860.1,server:latest,,,,,16g,,,,,,,27261.2,733.64,0.9597,1006,0.9254,1.1258,1.2385,,l1,20260711T035309Z,32g,0.75,,,,20000000,,,,,,,1396.4,,12872.3,15473.7,,,,,,,,,,0,0.6335,3068,0.6217,0.8026,0.9456,,2,l1_arcadedb_server_oltp_r2,,,,medium,0.197,706032104,12842.6,2295.3,12854.7,15452.4,paper,,,,client_server,2026-07-11T21:40:57.992829+00:00,0.7251,926,0.7152,0.922,1.0048,oltp,,
neo4j_graph,,495.88,171253431,172.6,1.0,173.6,179.2,0.74,874432349,0-11,,17874.3,neo4j-driver:6.2.0,,22257.92,22013.53,10,16g,,,,,,,,,,,,,,,l2,20260711T035309Z,32g,0.75,,1000000,,,,,,,,,,,17875.4,19994.6,,,,,,,,,,0,,,,,,,5,l2_neo4j_graph_olap_r5,21967.41,21653.32,10,medium,,703178918,17701.7,2011.1,17701.8,19815.5,paper,13667.85,13624.49,10,client_server,2026-07-11T21:53:18.786425+00:00,,,,,,olap,,
milvus_sparse,22658.2,441.34,407625310,71.0,0.9,71.0,78.4,1.751,1339737512,0-11,30000,7863.4,milvus,,,,,16g,,,,,,,,,,,,,,10,l3s,20260711T035309Z,32g,0.75,10000000,,100,,,,,,,,,,8417.8,20242.8,,,,154.0,6.492,95,6.414,8.496,9.473,0,,,,,,1.0,2,l3s_milvus_sparse_search_r2,,,,medium,,932112202,7792.4,12007.0,8346.8,20164.3,paper,,,,client_server,2026-07-11T22:07:35.704218+00:00,,,,,,search,,
arcadedb_sparse_embedded_fp32,17200.1,581.39,859907944,6246.0,4728.7,16906.5,23943.5,0.512,859907944,0-11,30000,6246.0,26.8.1.dev0,,,,,16g,,,,,,,,,,,,,,10,l3s,20260711T035309Z,32g,,10000000,,100,,,,,,,,,,16906.5,23943.5,,,,17.3,57.909,95,56.873,70.014,74.612,0,,,,,,1.0,2,l3s_arcadedb_sparse_embedded_fp32_search_r2,,,,medium,,,,,,,paper,,,,embedded,2026-07-11T22:15:03.068077+00:00,,,,,,search,,
arcadedb_server,,,84277712,17.5,0.8,17.6,22.1,0.052,792888171,0-11,,12892.3,server:latest,,,,,16g,,,,,,,27170.9,736.08,1.1003,1006,1.0895,1.275,1.3813,,l1,20260711T035309Z,32g,0.75,,,,20000000,,,,,,,1179.4,,12906.6,15374.9,,,,,,,,,,0,0.7618,3068,0.7604,0.9334,1.0843,,4,l1_arcadedb_server_oltp_r4,,,,medium,0.196,708610459,12874.8,2307.2,12889.0,15352.8,paper,,,,client_server,2026-07-11T22:28:34.384431+00:00,0.859,926,0.8652,1.0488,1.1691,oltp,,
elasticsearch_sparse,6247.2,1600.7,380096411,48.0,0.7,48.0,54.0,0.727,1601379652,0-11,30000,2807.3,9.4.1,,,,,16g,,,,,,,,,,,,,,10,l3s,20260711T035309Z,32g,0.75,10000000,,100,,,,,,,,,,3392.4,8047.6,,,,102.6,9.744,95,9.249,14.093,20.355,0,,,,,,0.91,2,l3s_elasticsearch_sparse_search_r2,,,,medium,,1221283241,2759.4,2462.4,3344.5,7993.6,paper,,,,client_server,2026-07-11T22:40:57.935331+00:00,,,,,,search,,
arcadedb_server,,,82015245,17.4,0.1,17.6,21.1,0.05,946765953,0-11,,13036.4,server:latest,"Traceback (most recent call last):
  File ""/work/l1_tabular.py"", line 411, in <module>
    main()
  File ""/work/l1_tabular.py"", line 398, in main
    out.update(b.olap())
               ^^^^^^^^
  File ""/work/l1_tabular.py"", line 163, in olap
    self.query_all(sql)
  File ""/work/l1_tabular.py"", line 332, in query_all
    return self._post(""query"", sql, params)
           ^^^^^^^^^^^^^^^^^^^^^^^^^^^^^^^^
  File ""/work/l1_tabular.py"", line 319, in _post
    r.raise_for_status()
  File ""/usr/local/lib/python3.12/site-packages/requests/models.py"", line 1167, in raise_for_status
    raise HTTPError(http_error_msg, response=self)
requests.exceptions.HTTPError: 500 Server Error: Internal Server Error for url: http://srv-l1_arcadedb_server_olap_r3:2480/api/v1/query/bench
",,,,16g,,,,,,,37874.5,52.81,,,,,,,l1,20260711T035309Z,32g,0.75,,,,2000000,1832.966,1298.189,1296.861,1452.644,1630.709,7511.369,,,13036.6,15415.4,,,,,,,,,,1,,,,,,,3,l1_arcadedb_server_olap_r3,,,,medium,0.202,864750708,13019.0,2274.2,13019.0,15394.3,paper,,,,client_server,2026-07-11T23:07:58.740019+00:00,,,,,,olap,,
duckdb,,,88738747,1371.5,650.7,2070.4,2765.4,0.052,88738747,0-11,,1371.5,1.5.4,,,,,16g,,,,,,,325951.1,61.36,,,,,,,l1,20260711T035309Z,32g,,,,,20000000,14.417,15.961,11.073,9.918,62.163,113.532,,,2070.4,2765.4,,,,,,,,,,0,,,,,,,4,l1_duckdb_olap_r4,,,,medium,0.024,,,,,,paper,,,,embedded,2026-07-11T23:22:54.512991+00:00,,,,,,olap,,
postgres,,,56024590,92.1,0.8,92.1,99.2,0.116,115188154,0-11,,96.7,17.10 (Debian 17.10-1.pgdg13+1),,,,,16g,,,,,,,331199.0,60.39,2.4769,1006,2.5141,2.8359,3.0415,,l1,20260711T035309Z,32g,0.75,,,,20000000,,,,,,,514.4,,106.7,3937.6,,,,,,,,,,0,1.1766,3068,1.0312,1.6808,1.8659,,2,l1_postgres_oltp_r2,,,,medium,0.018,59163564,4.6,3713.0,14.5,3838.4,paper,,,,client_server,2026-07-11T23:23:57.666006+00:00,3.9071,926,3.8396,4.5445,5.0221,oltp,,
postgres,,,58054207,77.3,0.8,77.3,84.8,0.116,188845741,0-11,,83.0,17.10 (Debian 17.10-1.pgdg13+1),,,,,16g,,,,,,,322052.1,62.1,,,,,,,l1,20260711T035309Z,32g,0.75,,,,20000000,721.756,423.651,404.09,686.047,1010.676,3246.22,,,127.6,4061.3,,,,,,,,,,0,,,,,,,1,l1_postgres_olap_r1,,,,medium,0.009,130791534,5.7,3710.9,50.2,3976.5,paper,,,,client_server,2026-07-11T23:25:11.788660+00:00,,,,,,olap,,
arcadedb_sparse_embedded_nocompact,17592.1,568.44,836886651,9228.8,3872.8,16903.8,21346.1,0.507,836886651,0-11,30000,9228.8,26.8.1.dev0,,,,,16g,,,,,,,,,,,,,,10,l3s,20260711T035309Z,32g,,10000000,,100,,,,,,,,,,16903.8,21346.1,,,,12.0,83.334,95,81.437,102.381,151.003,0,,,,,,0.993,5,l3s_arcadedb_sparse_embedded_nocompact_search_r5,,,,medium,,,,,,,paper,,,,embedded,2026-07-11T23:26:43.873892+00:00,,,,,,search,,
arcadedb_embedded,,,705291745,8840.6,2268.8,12924.9,15793.8,0.39,705291745,0-11,,8840.6,26.8.1.dev0,,,,,16g,,,,,,,30423.2,657.39,0.3828,1006,0.3745,0.4625,0.4981,,l1,20260711T035309Z,32g,,,,,20000000,,,,,,,5986.1,,12924.9,15793.8,,,,,,,,,,0,0.0829,3068,0.0771,0.1461,0.1796,,4,l1_arcadedb_embedded_oltp_r4,,,,medium,0.165,,,,,,paper,,,,embedded,2026-07-11T23:40:00.196310+00:00,0.2115,926,0.199,0.3539,0.4345,oltp,,
arcadedb_server,,,84492553,17.5,0.1,17.6,21.4,0.049,795050941,0-11,,12878.3,server:latest,,,,,16g,,,,,,,27104.5,737.88,0.9425,1006,0.9239,1.135,1.2658,,l1,20260711T035309Z,32g,0.75,,,,20000000,,,,,,,1419.9,,12886.6,15417.1,,,,,,,,,,0,0.6244,3068,0.6097,0.8356,0.928,,5,l1_arcadedb_server_oltp_r5,,,,medium,0.201,710558388,12860.8,2319.6,12869.0,15395.8,paper,,,,client_server,2026-07-11T23:51:00.364847+00:00,0.71,926,0.6994,0.9246,1.0415,oltp,,
arcadedb_sparse_embedded,17078.3,585.54,856444417,3788.3,3857.2,16907.0,22115.3,0.526,856444417,0-11,30000,3788.3,26.8.1.dev0,,,,,16g,,,,,,,,,,,,,,10,l3s,20260711T035309Z,32g,,10000000,,100,,,,,,,,,,16907.0,22115.3,,,,17.6,56.907,95,55.923,68.474,71.506,0,,,,,,0.993,2,l3s_arcadedb_sparse_embedded_search_r2,,,,medium,,,,,,,paper,,,,embedded,2026-07-12T00:03:25.220356+00:00,,,,,,search,,
